Workbook

Sheet Итоги
A1: Комната | B1: Итого, $ | C1: По рыночным ценам, $ | D1: Разница, $
A2: Анин гардероб | B2: =SUMPRODUCT((TRIM('B&B апрель 2025'!$A$2:$A$1311)=A2)*N(+'B&B апрель 2025'!$H$2:$H$1311)) -> 342.63705 | C2: =SUMPRODUCT((TRIM('B&B апрель 2025'!$A$2:$A$1311)=A2)*N(+'B&B апрель 2025'!$L$2:$L$1311)) -> 367.16061 | D2: =C2-B2 -> 24.52356
A3: Анина ванная | B3: =SUMPRODUCT((TRIM('B&B апрель 2025'!$A$2:$A$1311)=A3)*N(+'B&B апрель 2025'!$H$2:$H$1311)) -> 0 | C3: =SUMPRODUCT((TRIM('B&B апрель 2025'!$A$2:$A$1311)=A3)*N(+'B&B апрель 2025'!$L$2:$L$1311)) -> 0 | D3: =C3-B3 -> 0
A4: Анина спальня | B4: =SUMPRODUCT((TRIM('B&B апрель 2025'!$A$2:$A$1311)=A4)*N(+'B&B апрель 2025'!$H$2:$H$1311)) -> 245.115 | C4: =SUMPRODUCT((TRIM('B&B апрель 2025'!$A$2:$A$1311)=A4)*N(+'B&B апрель 2025'!$L$2:$L$1311)) -> 255.03899 | D4: =C4-B4 -> 9.9239908
A5: Мастер-спальня | B5: =SUMPRODUCT((TRIM('B&B апрель 2025'!$A$2:$A$1311)=A5)*N(+'B&B апрель 2025'!$H$2:$H$1311)) -> 172.9642 | C5: =SUMPRODUCT((TRIM('B&B апрель 2025'!$A$2:$A$1311)=A5)*N(+'B&B апрель 2025'!$L$2:$L$1311)) -> 172.9642 | D5: =C5-B5 -> 0
A6: Мастер спальня | B6: =SUMPRODUCT((TRIM('B&B апрель 2025'!$A$2:$A$1311)=A6)*N(+'B&B апрель 2025'!$H$2:$H$1311)) -> 9.5 | C6: =SUMPRODUCT((TRIM('B&B апрель 2025'!$A$2:$A$1311)=A6)*N(+'B&B апрель 2025'!$L$2:$L$1311)) -> 9.5 | D6: =C6-B6 -> 0
A7: Часовня | B7: =SUMPRODUCT((TRIM('B&B апрель 2025'!$A$2:$A$1311)=A7)*N(+'B&B апрель 2025'!$H$2:$H$1311)) -> 775.4622 | C7: =SUMPRODUCT((TRIM('B&B апрель 2025'!$A$2:$A$1311)=A7)*N(+'B&B апрель 2025'!$L$2:$L$1311)) -> 842.66269 | D7: =C7-B7 -> 67.20049
A8: Балка часовня | B8: =SUMPRODUCT((TRIM('B&B апрель 2025'!$A$2:$A$1311)=A8)*N(+'B&B апрель 2025'!$H$2:$H$1311)) -> 26.5093 | C8: =SUMPRODUCT((TRIM('B&B апрель 2025'!$A$2:$A$1311)=A8)*N(+'B&B апрель 2025'!$L$2:$L$1311)) -> 31.562183 | D8: =C8-B8 -> 5.0528832
A9: Фойе 2 эт | B9: =SUMPRODUCT((TRIM('B&B апрель 2025'!$A$2:$A$1311)=A9)*N(+'B&B апрель 2025'!$H$2:$H$1311)) -> 284.29715 | C9: =SUMPRODUCT((TRIM('B&B апрель 2025'!$A$2:$A$1311)=A9)*N(+'B&B апрель 2025'!$L$2:$L$1311)) -> 305.85523 | D9: =C9-B9 -> 21.558079
A10: Прачечная 2 эт | B10: =SUMPRODUCT((TRIM('B&B апрель 2025'!$A$2:$A$1311)=A10)*N(+'B&B апрель 2025'!$H$2:$H$1311)) -> 291.5417 | C10: =SUMPRODUCT((TRIM('B&B апрель 2025'!$A$2:$A$1311)=A10)*N(+'B&B апрель 2025'!$L$2:$L$1311)) -> 310.91936 | D10: =C10-B10 -> 19.377663
A11: Коридор 2 эт - ванная | B11: =SUMPRODUCT((TRIM('B&B апрель 2025'!$A$2:$A$1311)=A11)*N(+'B&B апрель 2025'!$H$2:$H$1311)) -> 161.1811 | C11: =SUMPRODUCT((TRIM('B&B апрель 2025'!$A$2:$A$1311)=A11)*N(+'B&B апрель 2025'!$L$2:$L$1311)) -> 164.76688 | D11: =C11-B11 -> 3.5857789
A12: Ванная 2 эт | B12: =SUMPRODUCT((TRIM('B&B апрель 2025'!$A$2:$A$1311)=A12)*N(+'B&B апрель 2025'!$H$2:$H$1311)) -> 0 | C12: =SUMPRODUCT((TRIM('B&B апрель 2025'!$A$2:$A$1311)=A12)*N(+'B&B апрель 2025'!$L$2:$L$1311)) -> 0 | D12: =C12-B12 -> 0
A13: Коридор 2 эт - потолок | B13: =SUMPRODUCT((TRIM('B&B апрель 2025'!$A$2:$A$1311)=A13)*N(+'B&B апрель 2025'!$H$2:$H$1311)) -> 361.89938 | C13: =SUMPRODUCT((TRIM('B&B апрель 2025'!$A$2:$A$1311)=A13)*N(+'B&B апрель 2025'!$L$2:$L$1311)) -> 395.53702 | D13: =C13-B13 -> 33.637643
... A41: Подвал, лестница | B41: =SUMPRODUCT((TRIM('B&B апрель 2025'!$A$2:$A$1311)=A41)*N(+'B&B апрель 2025'!$H$2:$H$1311)) -> 0 | C41: =SUMPRODUCT((TRIM('B&B апрель 2025'!$A$2:$A$1311)=A41)*N(+'B&B апрель 2025'!$L$2:$L$1311)) -> 0 | D41: =C41-B41 -> 0
A42: ВСЕГО, $ | B42: =SUM('B&B апрель 2025'!$H$2:$H$1311) -> 7533.9025 | C42: =SUM('B&B апрель 2025'!$L$2:$L$1311) -> 8026.8151 | D42: =C42-B42 -> 492.91261
A44: Оплачено, $ (лист «Платежи») | B44: =Платежи!C17 -> 11465.88 | C44: =B44 -> 11465.88
A45: Баланс: работы − оплата, $ | B45: =B42-B44 -> -3931.9775 | C45: =C42-C44 -> -3439.0649
A46: Примечание: без разовых работ и без 14 строк без расценки

Sheet Аудит
A1: Помещение | B1: Поверхность | C1: Грунтовка, м2 | D1: Покраска (1 слой), м2 | E1: Разница, м2 | F1: Статус | G1: Строки грунт | H1: Строки покраска
A2: Анин гардероб | B2: потолок | C2: 4.47 | D2: 4.47 | E2: 0 | F2: OK | G2: 11 | H2: 13
A3: Анин гардероб | B3: стены | C3: 18.56 | D3: 18.56 | E3: 0 | F3: OK | G3: 10 | H3: 12
A4: Анина спальня/ванная | B4: потолок | C4: 16.53 | D4: 16.53 | E4: 0 | F4: OK | G4: 24 | H4: 25
A5: Анина спальня/ванная | B5: стены | C5: 11 | D5: 11 | E5: 0 | F5: OK | G5: 18 | H5: 19
A6: Зал | B6: балка | C6: 2.05 | D6: 2.05 | E6: 0 | F6: OK | G6: 202 | H6: 203
A7: Зал | B7: потолок | C7: 24.36 | D7: 24.36 | E7: 0 | F7: OK | G7: 197 | H7: 198
A8: Зал | B8: стены | C8: 32.9 | D8: 32.9 | E8: 0 | F8: OK | G8: 187 | H8: 181
A9: Коридор 2 эт | B9: откосы | C9: 1.69 | D9: 1.69 | E9: 0 | F9: OK | G9: 134 | H9: 135
A10: Коридор 2 эт | B10: потолок | C10: 20.1 | D10: 20.1 | E10: 0 | F10: OK | G10: 102, 113 | H10: 104, 114
A11: Коридор 2 эт | B11: стены | C11: 44.17 | D11: 46.7 | E11: 2.53 | F11: РАСХОЖДЕНИЕ | G11: 103, 136, 139 | H11: 105, 143
A12: Кухня | B12: потолок | C12: 11.5 | D12: 11.5 | E12: 0 | F12: OK | G12: 280 | H12: 282
A13: Кухня | B13: стены | C13: 24.3 | D13: 0 | E13: -24.3 | F13: нет покраски | G13: 281
A14: Лестница 2 эт | B14: стены | C14: 62.13 | D14: 62.13 | E14: 0 | F14: OK | G14: 147, 156, 158, 163, 167 | H14: 148, 157, 159, 164, 168
A15: Мастер-спальня | B15: потолок | C15: 0 | D15: 21.17 | E15: 21.17 | F15: нет грунтовки | H15: 27
A16: Мастер-спальня | B16: стены | C16: 0 | D16: 43.35 | E16: 43.35 | F16: нет грунтовки | H16: 28
A17: Наташин кабинет | B17: стены | C17: 9.2 | D17: 9.24 | E17: 0.04 | F17: OK | G17: 271 | H17: 273
A18: Прачечная 1эт. | B18: стены | C18: 22.37 | D18: 22.37 | E18: 0 | F18: OK | G18: 283 | H18: 285
A19: Прачечная 2 эт | B19: потолок | C19: 1.3 | D19: 1.3 | E19: 0 | F19: OK | G19: 89 | H19: 93
A20: Прачечная 2 эт | B20: стены | C20: 19.38 | D20: 9.69 | E20: -9.69 | F20: РАСХОЖДЕНИЕ | G20: 88, 90 | H20: 91
A21: Сашина спальня | B21: стены | C21: 17.57 | D21: 17.57 | E21: 0 | F21: OK | G21: 116 | H21: 117
A22: Серёжина спальня | B22: потолок | C22: 1.18 | D22: 1.18 | E22: 0 | F22: OK | G22: 126 | H22: 128
A23: Серёжина спальня | B23: стены | C23: 6.45 | D23: 6.86 | E23: 0.41 | F23: РАСХОЖДЕНИЕ | G23: 125 | H23: 127
A24: Столовая | B24: откосы | C24: 0 | D24: 5.78 | E24: 5.78 | F24: нет грунтовки | H24: 316
A25: Столовая | B25: потолок | C25: 13.66 | D25: 0 | E25: -13.66 | F25: нет покраски | G25: 310, 311
A26: Столовая | B26: стены | C26: 12.9 | D26: 12.88 | E26: -0.02 | F26: OK | G26: 312 | H26: 313
A27: Тамбур | B27: потолок | C27: 3.1 | D27: 3.06 | E27: -0.04 | F27: OK | G27: 254 | H27: 255
A28: Тамбур | B28: стены | C28: 10.8 | D28: 10.79 | E28: -0.01 | F28: OK | G28: 250 | H28: 256
A29: Узкий коридор 1 эт | B29: балка | C29: 1.5 | D29: 1.5 | E29: 0 | F29: OK | G29: 242 | H29: 243
A30: Узкий коридор 1 эт | B30: стены | C30: 29.4 | D30: 29.41 | E30: 0.01 | F30: OK | G30: 240 | H30: 235
A31: Фойе 2 эт | B31: потолок | C31: 9.05 | D31: 9.05 | E31: 0 | F31: OK | G31: 71 | H31: 73
A32: Фойе 2 эт | B32: стены | C32: 17.56 | D32: 17.56 | E32: 0 | F32: OK | G32: 70 | H32: 72
A33: Холл перед кухней | B33: потолок | C33: 1.49 | D33: 1.49 | E33: 0 | F33: OK | G33: 261 | H33: 262
A34: Холл перед кухней | B34: стены | C34: 5.04 | D34: 5.04 | E34: 0 | F34: OK | G34: 263 | H34: 264
A35: Холл перед столовой | B35: балка | C35: 21.9 | D35: 21.85 | E35: -0.05 | F35: OK | G35: 295 | H35: 297
A36: Холл перед столовой | B36: потолок | C36: 5.1 | D36: 5.12 | E36: 0.02 | F36: OK | G36: 294 | H36: 296
A37: Часовня | B37: откосы | C37: 1.19 | D37: 1.19 | E37: 0 | F37: OK | G37: 39 | H37: 40
... A42: Широкий коридор 1 эт | B42: стены | C42: 19.8 | D42: 19.76 | E42: -0.04 | F42: OK | G42: 210 | H42: 213
A44: Детализация работ по помещениям
A45: Помещение | B45: Работа | C45: Ед. | D45: Объём | E45: Цена $ | F45: ×k | G45: Итого $ | H45: Строки
A46: Анин гардероб | B46: Монтаж ГКЛ листов на клей | C46: м2 | D46: 3.14 | E46: 4 | F46: 1 | G46: 12.55 | H46: 2
A47: Анин гардероб | B47: Устройство каркаса и монтаж ГКЛ с виброизол. лентой без утепл. | C47: м2 | D47: 5.05 | E47: 8 | F47: 1 | G47: 40.42 | H47: 3
A48: Анин гардероб | B48: Устройство каркаса и монтаж ГКЛ с виброизол. лентой + утеплитель | C48: м2 | D48: 4.47 | E48: 9 | F48: 1 | G48: 40.25 | H48: 4
A49: Анин гардероб | B49: Проклейка армирующей ленты на стыки ГКЛ (стен и потолка) | C49: мп | D49: 28.3 | E49: 2 | F49: 1 | G49: 56.6 | H49: 5
A50: Анин гардероб | B50: Шпатлевка потолка | C50: мп | D50: 12.1 | E50: 4 | F50: 1 | G50: 48.4 | H50: 6
A51: Анин гардероб | B51: Шпатлевка стен | C51: мп | D51: 17.5 | E51: 3 | F51: 1 | G51: 52.5 | H51: 7
A52: Анин гардероб | B52: Формирование внешних углов | C52: мп | D52: 9.48 | E52: 2.5 | F52: 1 | G52: 23.7 | H52: 8
A53: Анин гардероб | B53: Грунтование стен в 1 слой | C53: м2 | D53: 23.03 | E53: 0.5 | F53: 1 | G53: 11.51 | H53: 10, 11
A54: Анин гардероб | B54: Покраска стен | C54: м2 | D54: 18.56 | E54: 1 | F54: 2 | G54: 37.11 | H54: 12
A55: Анин гардероб | B55: Покраска потолка | C55: м2 | D55: 4.47 | E55: 1.5 | F55: 2 | G55: 13.42 | H55: 13
A56: Анин гардероб | B56: Устройство двухсторонней перегородок из ГКЛ на металлокаркасе с шумоизоляцией | C56: м2 | D56: 0.41 | E56: 15 | F56: 1 | G56: 6.18 | H56: 14
A57: Анина спальня | B57: Ремонт оконных откосов | C57: шт | D57: 1 | E57: 15 | F57: 1 | G57: 15 | H57: 16
... A158: Стена лестн. 2 эт | B158: Проклейка армирующей ленты на стыки ГКЛ (стен и потолка) | C158: мп | D158: 23.05 | E158: 2 | F158: 1 | G158: 46.1 | H158: 145
A159: Стена лестн. 2 эт | B159: Выравнивание швов | D159: 23.05 | E159: 3 | F159: 1 | G159: 69.15 | H159: 146
A160: Стена лестн. 2 эт | B160: Грунтование стен в 1 слой | C160: м2 | D160: 52.06 | E160: 0.5 | F160: 1 | G160: 26.03 | H160: 147, 156, 158
A161: Стена лестн. 2 эт | B161: Покраска стен | C161: м2 | D161: 52.06 | E161: 1 | F161: 1 | G161: 52.06 | H161: 148, 157, 159
A162: Стена лестн. 2 эт | B162: Наклеивание холста | C162: м2 | D162: 26.29 | E162: 2 | F162: 1 | G162: 52.58 | H162: 149, 153
A163: Стена лестн. 2 эт | B163: Наклеивание холста | C163: мп | D163: 0.34 | E163: 2 | F163: 1 | G163: 0.69 | H163: 150
A164: Стена лестн. 2 эт | B164: Шпатлевание стен | C164: м2 | D164: 25.77 | E164: 3 | F164: 1 | G164: 77.31 | H164: 151
A165: Стена лестн. 2 эт | B165: Шпатлевание добавл. отрезка ГКЛ | C165: м2 | D165: 0.52 | E165: 3 | F165: 1 | G165: 1.56 | H165: 152
A166: Стена лестн. 2 эт | B166: Выравнивание внешних углов | C166: мп | D166: 1 | E166: 2.5 | F166: 1 | G166: 2.5 | H166: 154
A167: Стена лестн. 2 эт | B167: Выравнивание внутрених углов | C167: мп | D167: 1.08 | E167: 2 | F167: 1 | G167: 2.16 | H167: 155
A168: Перег. лестн. 2 эт | B168: Монтаж ГКЛ | C168: мп | D168: 5.04 | E168: 9 | F168: 1 | G168: 45.31 | H168: 160
A169: Перег. лестн. 2 эт | B169: Проклейка армирующей ленты на стыки ГКЛ (стен и потолка) | C169: мп | D169: 8 | E169: 2 | F169: 1 | G169: 16 | H169: 161
A170: Перег. лестн. 2 эт | B170: Выравнивание швов | C170: мп | D170: 8 | E170: 3 | F170: 1 | G170: 24 | H170: 162
A171: Перег. лестн. 2 эт | B171: Грунтование стен в 1 слой | C171: м2 | D171: 10.07 | E171: 0.5 | F171: 1 | G171: 5.04 | H171: 163, 167
... A285: Канализация подвал | B285: Монтаж канализации | C285: шт | D285: 1 | E285: 200 | F285: 1 | G285: 200 | H285: 324

Sheet B&B апрель 2025
A1: Комната | B1: Описание работы | C1: Тип работы | D1: Ед. изм. | E1: Объём | F1: Мультиплик. | G1: ='Dups+ B&B Rates'!$D$1 -> Цена, $ | H1: Итого, $ | J1: Заметка | K1: Цена рынок, $ | L1: Итого рынок, $
A2: Анин гардероб | B2: Монтаж ГКЛ на стену ванной | C2: Монтаж ГКЛ листов на клей | D2: м2 | E2: =1.67*2.75-2.08*0.7 -> 3.1365 | F2: 1 | G2: ='Dups+ B&B Rates'!$I$7 -> 4 | H2: =G2*F2*E2 -> 12.546 | K2: =G2 -> 4 | L2: =K2*F2*E2 -> 12.546
A3: Анин гардероб | B3: Усиление ГКЛ на стене в гардеробе | C3: Устройство каркаса и монтаж ГКЛ с виброизол. лентой без утепл. | D3: м2 | E3: =2.37*2.7-0.66*2.04 -> 5.0526 | F3: 1 | G3: ='Dups+ B&B Rates'!$I$8 -> 8 | H3: =G3*F3*E3 -> 40.4208 | K3: =Рынок!$D$8 -> 10.644668 | L3: =K3*F3*E3 -> 53.783248
A4: Анин гардероб | B4: Устройство и монтаж потолка | C4: Устройство каркаса и монтаж ГКЛ с виброизол. лентой + утеплитель | D4: м2 | E4: =1.74*2.57 -> 4.4718 | F4: 1 | G4: ='Dups+ B&B Rates'!$I$9 -> 9 | H4: =G4*F4*E4 -> 40.2462 | K4: =Рынок!$D$9 -> 10.644668 | L4: =K4*F4*E4 -> 47.600825
A5: Анин гардероб | B5: Проклеивание швов ГКЛ армлентой | C5: Проклейка армирующей ленты на стыки ГКЛ (стен и потолка) | D5: м.п. | E5: =(1.74+2.57)*2+2.7*6+1.74*2 -> 28.3 | F5: 1 | G5: ='Dups+ B&B Rates'!$I$19 -> 2 | H5: =G5*F5*E5 -> 56.6 | K5: =G5 -> 2 | L5: =K5*F5*E5 -> 56.6
A6: Анин гардероб | B6: Выравнивание швов потолка | C6: Шпатлевка потолка | D6: м.п. | E6: =(1.74+2.57)*2+1.74*2 -> 12.1 | F6: 1 | G6: ='Dups+ B&B Rates'!$I$27 -> 4 | H6: =G6*F6*E6 -> 48.4 | J6: ед.изм.: в строке «м.п.», в расценке «м2» | K6: =G6 -> 4 | L6: =K6*F6*E6 -> 48.4
A7: Анин гардероб | B7: Выравнивание швов стен | C7: Шпатлевка стен | D7: м.п. | E7: =2.7*6+0.65*2 -> 17.5 | F7: 1 | G7: ='Dups+ B&B Rates'!$I$28 -> 3 | H7: =G7*F7*E7 -> 52.5 | J7: ед.изм.: в строке «м.п.», в расценке «м2» | K7: =G7 -> 3 | L7: =K7*F7*E7 -> 52.5
A8: Анин гардероб | B8: Формирование внешних углов (дверной проём) | C8: Формирование внешних углов | D8: м.п. | E8: =(2.04+0.66+2.04)*2 -> 9.48 | F8: 1 | G8: ='Dups+ B&B Rates'!$I$22 -> 2.5 | H8: =G8*F8*E8 -> 23.7 | K8: =G8 -> 2.5 | L8: =K8*F8*E8 -> 23.7
A9: Анин гардероб | B9: Дверной проём | C9: Устройство дверного откоса | D9: м.п. | E9: =E8/2 -> 4.74 | F9: 1 | J9: нет расценки: Устройство дверного откоса
A10: Анин гардероб | B10: Грунтование стен | C10: Грунтование стен в 1 слой | D10: м2 | E10: =E2+E3+(2.7*(1.74+2.1)) -> 18.5571 | F10: 1 | G10: ='Dups+ B&B Rates'!$I$3 -> 0.5 | H10: =G10*F10*E10 -> 9.27855 | K10: =Рынок!$D$3 -> 0.66529173 | L10: =K10*F10*E10 -> 12.345885
A11: Анин гардероб | B11: Грунтование потолка | C11: Грунтование стен в 1 слой | D11: м2 | E11: =1.74*2.57 -> 4.4718 | F11: 1 | G11: ='Dups+ B&B Rates'!$I$3 -> 0.5 | H11: =G11*F11*E11 -> 2.2359 | K11: =Рынок!$D$3 -> 0.66529173 | L11: =K11*F11*E11 -> 2.9750516
A12: Анин гардероб | B12: Покраска стен | C12: Покраска стен | D12: м2 | E12: =E10 -> 18.5571 | F12: 2 | G12: ='Dups+ B&B Rates'!$I$18 -> 1 | H12: =G12*F12*E12 -> 37.1142 | K12: =G12 -> 1 | L12: =K12*F12*E12 -> 37.1142
A13: Анин гардероб | B13: Покраска потолка | C13: Покраска потолка | D13: м2 | E13: =1.74*2.57 -> 4.4718 | F13: 2 | G13: ='Dups+ B&B Rates'!$I$17 -> 1.5 | H13: =G13*F13*E13 -> 13.4154 | K13: =G13 -> 1.5 | L13: =K13*F13*E13 -> 13.4154
A14: Анин гардероб | B14: Увеличение стены Аниной комн. на дерев. каркасе | C14: Устройство двухсторонней перегородок из ГКЛ на металлокаркасе с шумоизоляцией | D14: м2 | E14: =2.06*0.2 -> 0.412 | F14: 1 | G14: ='Dups+ B&B Rates'!$I$23 -> 15 | H14: =G14*F14*E14 -> 6.18 | K14: =G14 -> 15 | L14: =K14*F14*E14 -> 6.18
A15: Анина ванная | B15: Утепление потолка | C15: Утепление потолка | D15: м2 | E15: =2.08*1.68 -> 3.4944 | F15: 1 | J15: нет расценки: Утепление потолка
A16: Анина спальня | B16: Ремонт и покраска оконных откосов | C16: Ремонт оконных откосов | D16: шт. | E16: 1 | F16: 1 | G16: ='Dups+ B&B Rates'!$I$31 -> 15 | H16: =G16*F16*E16 -> 15 | K16: =G16 -> 15 | L16: =K16*F16*E16 -> 15
A17: Анина спальня | B17: Шпатлевание стен (восточная и часть зап. стен) | C17: Шпатлевка стен | D17: м2 | E17: =4*2.75 -> 11 | F17: 1 | G17: ='Dups+ B&B Rates'!$I$28 -> 3 | H17: =G17*F17*E17 -> 33 | K17: =G17 -> 3 | L17: =K17*F17*E17 -> 33
A18: Анина спальня | B18: Грунтовка стен (восточная и часть зап. стен) | C18: Грунтование стен в 1 слой | D18: м2 | E18: =E17 -> 11 | F18: 1 | G18: ='Dups+ B&B Rates'!$I$3 -> 0.5 | H18: =G18*F18*E18 -> 5.5 | K18: =Рынок!$D$3 -> 0.66529173 | L18: =K18*F18*E18 -> 7.318209
A19: Анина спальня | B19: Покраска стен (восточная и часть зап. стен) | C19: Покраска стен | D19: м2 | E19: =E18 -> 11 | F19: 2 | G19: ='Dups+ B&B Rates'!$I$18 -> 1 | H19: =G19*F19*E19 -> 22 | K19: =G19 -> 1 | L19: =K19*F19*E19 -> 22
A20: Анина спальня | B20: Монтаж потолочного плинтуса из пенопласта | C20: Монтаж потолочного плинтуса из пенопласта | D20: м.п. | E20: =(348+475)*2/100 -> 16.46 | F20: 1 | G20: ='Dups+ B&B Rates'!$I$11 -> 3 | H20: =G20*F20*E20 -> 49.38 | K20: =Рынок!$D$5 -> 3.3264587 | L20: =K20*F20*E20 -> 54.753509
A21: Анина спальня | B21: Покраска потолочного молдинга | C21: Покраска потолка | D21: м.п. | E21: =(348+475)*2/100 -> 16.46 | F21: 2 | G21: ='Dups+ B&B Rates'!$I$17 -> 1.5 | H21: =G21*F21*E21 -> 49.38 | J21: ед.изм.: в строке «м.п.», в расценке «м2» | K21: =G21 -> 1.5 | L21: =K21*F21*E21 -> 49.38
A22: Анина спальня | B22: Ремонт шва, отверстий под светильники | C22: Шпатлевка потолка | D22: м2 | E22: 1 | F22: 1 | G22: ='Dups+ B&B Rates'!$I$27 -> 4 | H22: =G22*F22*E22 -> 4 | K22: =G22 -> 4 | L22: =K22*F22*E22 -> 4
A23: Анина спальня | B23: Монтаж центр. молдинга под люстру | C23: Шпатлевка потолка | D23: шт. | E23: 1 | F23: 1 | G23: ='Dups+ B&B Rates'!$I$27 -> 4 | H23: =G23*F23*E23 -> 4 | J23: ед.изм.: в строке «шт.», в расценке «м2» | K23: =G23 -> 4 | L23: =K23*F23*E23 -> 4
A24: Анина спальня | B24: Грунтовка потолка | C24: Грунтование потолков в 1 слой | D24: м2 | E24: =3.48*4.75 -> 16.53 | F24: 1 | G24: ='Dups+ B&B Rates'!$I$3 -> 0.5 | H24: =G24*F24*E24 -> 8.265 | K24: =Рынок!$D$3 -> 0.66529173 | L24: =K24*F24*E24 -> 10.997272
A25: Анина спальня | B25: Покраска потолка | C25: Покраска потолка | D25: м2 | E25: =E24 -> 16.53 | F25: 2 | G25: ='Dups+ B&B Rates'!$I$17 -> 1.5 | H25: =G25*F25*E25 -> 49.59 | K25: =G25 -> 1.5 | L25: =K25*F25*E25 -> 49.59
A26: Анина спальня | B26: Заливка цементом конвектора | C26: Бетонирование участков пола | D26: м2 | E26: 1 | F26: 1 | G26: ='Dups+ B&B Rates'!$I$33 -> 5 | H26: =G26*F26*E26 -> 5 | K26: =G26 -> 5 | L26: =K26*F26*E26 -> 5
A27: Мастер-спальня | B27: Покраска потолка | C27: Покраска потолка | D27: м2 | E27: =0.63*2.4+(4.43*3.65)+(0.43*1.93)+(1.93*1.38) -> 21.1748 | F27: 1 | G27: ='Dups+ B&B Rates'!$I$17 -> 1.5 | H27: =G27*F27*E27 -> 31.7622 | K27: =G27 -> 1.5 | L27: =K27*F27*E27 -> 31.7622
A28: Мастер-спальня | B28: Покраска стен | C28: Покраска стен | D28: м2 | E28: =(0.42+0.33+1.86+0.65+0.46+1.27+1.77+0.67+3.15+2.02+0.62+1.48+0.75)*2.64+(1.13*0.62+(1.23*0.2+(1.92*0.25+(1.17*0.52+(0.88*0.6))))) -> 43.351 | F28: 2 | G28: ='Dups+ B&B Rates'!$I$18 -> 1 | H28: =G28*F28*E28 -> 86.702 | K28: =G28 -> 1 | L28: =K28*F28*E28 -> 86.702
A29: Мастер спальня | B29: Внешние углы в спальне | C29: Формирование внешних углов | D29: м.п. | E29: 3.8 | F29: 1 | G29: ='Dups+ B&B Rates'!$I$22 -> 2.5 | H29: =G29*F29*E29 -> 9.5 | K29: =G29 -> 2.5 | L29: =K29*F29*E29 -> 9.5
A30: Мастер-спальня | B30: Внешние углы + балка | C30: Формирование внешних углов | D30: м.п. | E30: =E29 -> 3.8 | F30: 1 | G30: ='Dups+ B&B Rates'!$I$22 -> 2.5 | H30: =G30*F30*E30 -> 9.5 | K30: =G30 -> 2.5 | L30: =K30*F30*E30 -> 9.5
A31: Мастер-спальня | B31: откос полукруглый | C31: Формирование откоса | D31: м.п. | E31: =1.8+1.3*2 -> 4.4 | F31: 1 | J31: нет расценки: Формирование откоса
A32: Мастер-спальня | B32: Ремонт и покраска оконных откосов | C32: Ремонт оконных откосов | D32: шт. | E32: 3 | F32: 1 | G32: ='Dups+ B&B Rates'!$I$31 -> 15 | H32: =G32*F32*E32 -> 45 | K32: =G32 -> 15 | L32: =K32*F32*E32 -> 45
A33: Мастер-спальня | B33: вент отверстия | C33: Формирование отверстий | D33: м.п. | E33: 2 | F33: 1 | J33: нет расценки: Формирование отверстий
A34: Часовня | B34: Демонтаж радиатора | C34: Демонтаж/монтаж радиаторов отопления | D34: шт. | E34: 1 | F34: 1 | G34: ='Dups+ B&B Rates'!$I$4 -> 5 | H34: =G34*F34*E34 -> 5 | K34: =Рынок!$D$4 -> 13.305835 | L34: =K34*F34*E34 -> 13.305835
A35: Часовня | B35: Прокладка кабеля для "коморки" и для нижнего подключения | D35: шт. | E35: 1 | F35: 1 | J35: разовая работа — считаем позже
A36: Часовня | B36: Монтаж пенопл. утеплителя на внешнюю стену и под крышу | D36: м2 | E36: =1.75*0.75+0.84*0.65+0.92*0.48/2+0.2*0.78 -> 2.2353 | F36: 1.5 | J36: разовая работа — считаем позже
A37: Часовня | B37: Монтаж цементно-волокнистой плиты | C37: Устройство каркаса и монтаж ГКЛ с виброизол. лентой без утепл. | D37: м2 | E37: =1.5*1.9 -> 2.85 | F37: 1 | G37: ='Dups+ B&B Rates'!$I$8 -> 8 | H37: =G37*F37*E37 -> 22.8 | K37: =Рынок!$D$8 -> 10.644668 | L37: =K37*F37*E37 -> 30.337303
A38: Часовня | B38: Формирование округлого оконного проёма | C38: Облицовка оконных откосов гипсокартоном | D38: м.п. | E38: =4.75 -> 4.75 | F38: 1 | G38: ='Dups+ B&B Rates'!$I$12 -> 10 | H38: =G38*F38*E38 -> 47.5 | K38: =G38 -> 10 | L38: =K38*F38*E38 -> 47.5
A39: Часовня | B39: Грунтование округлого оконного проёма | C39: Грунтование стен в 1 слой | D39: м2 | E39: =E38*0.25 -> 1.1875 | F39: 1 | G39: ='Dups+ B&B Rates'!$I$3 -> 0.5 | H39: =G39*F39*E39 -> 0.59375 | K39: =Рынок!$D$3 -> 0.66529173 | L39: =K39*F39*E39 -> 0.79003393
A40: Часовня | B40: Покраска округлого оконного проёма | C40: Покраска стен | D40: м2 | E40: =E39 -> 1.1875 | F40: 2 | G40: ='Dups+ B&B Rates'!$I$18 -> 1 | H40: =G40*F40*E40 -> 2.375 | K40: =G40 -> 1 | L40: =K40*F40*E40 -> 2.375
A41: Часовня | B41: Формирование каркаса на потолке + ГКЛ | C41: Устройство каркаса и монтаж ГКЛ с виброизол. лентой + утеплитель | D41: м2 | E41: =(1.75+1.9+2.6)*2.57 -> 16.0625 | F41: 1 | G41: ='Dups+ B&B Rates'!$I$9 -> 9 | H41: =G41*F41*E41 -> 144.5625 | K41: =Рынок!$D$9 -> 10.644668 | L41: =K41*F41*E41 -> 170.97997
A42: Часовня | B42: Обшивка стен ГКЛ | C42: Устройство каркаса и монтаж ГКЛ с виброизол. лентой без утепл. | D42: м2 | E42: =2.57*1.62 -> 4.1634 | F42: 1 | G42: ='Dups+ B&B Rates'!$I$8 -> 8 | H42: =G42*F42*E42 -> 33.3072 | K42: =Рынок!$D$8 -> 10.644668 | L42: =K42*F42*E42 -> 44.318009
A43: Часовня | B43: Штукатурка балки часовни | C43: Штукатурка прямолинейных откосов и проемов | D43: м2 | E43: =0.3*3.4+0.17*2.15 -> 1.3855 | F43: 1 | G43: ='Dups+ B&B Rates'!$I$29 -> 6 | H43: =G43*F43*E43 -> 8.313 | J43: ед.изм.: в строке «м2», в расценке «м.п.» | K43: =G43 -> 6 | L43: =K43*F43*E43 -> 8.313
A44: Часовня | B44: Формирование каркаса на стене под балкой + ГКЛ | C44: Устройство каркаса и монтаж ГКЛ с виброизол. лентой без утепл. | D44: м2 | E44: =0.3*2.3*2+0.47*2.3 -> 2.461 | F44: 1 | G44: ='Dups+ B&B Rates'!$I$8 -> 8 | H44: =G44*F44*E44 -> 19.688 | K44: =Рынок!$D$8 -> 10.644668 | L44: =K44*F44*E44 -> 26.196527
A45: Часовня | B45: Проклеивание швов ГКЛ армлентой | C45: Проклейка армирующей ленты на стыки ГКЛ (стен и потолка) | D45: м.п. | E45: =E48+E49 -> 57.3 | F45: 1 | G45: ='Dups+ B&B Rates'!$I$19 -> 2 | H45: =G45*F45*E45 -> 114.6 | K45: =G45 -> 2 | L45: =K45*F45*E45 -> 114.6
A46: Часовня | B46: Монтаж ГКЛ на клей | D46: м2 | E46: =1.5+0.45*1.5+0.34*0.5/2+0.38*2+0.38*2.6+0.68*1.32+2*1.5*2+(1.3*1.3/2)*2+0.63*1.3*2+2.67*0.7/2+0.65*1.62+0.65*0.62/2+0.3*2.23+0.3*2.4+0.25*0.3 -> 17.8866 | F46: 1 | J46: разовая работа — считаем позже
A47: Часовня | B47: Формирование внешних углов | C47: Формирование внешних углов | D47: м.п. | E47: =2.23*2+2.42+3.37 -> 10.25 | F47: 1 | G47: ='Dups+ B&B Rates'!$I$22 -> 2.5 | H47: =G47*F47*E47 -> 25.625 | K47: =G47 -> 2.5 | L47: =K47*F47*E47 -> 25.625
A48: Часовня | B48: Выравнивание швов потолка | C48: Выравнивание швов потолка | D48: м.п. | E48: =2.57*9+2.6*2+0.94+0.53+0.47*2+1.75+0.17+1.3+0.25+0.9+0.3*2+0.53*2+1.7+0.4 -> 38.87 | F48: 1 | G48: ='Dups+ B&B Rates'!$I$27 -> 4 | H48: =G48*F48*E48 -> 155.48 | J48: ед.изм.: в строке «м.п.», в расценке «м2» | K48: =G48 -> 4 | L48: =K48*F48*E48 -> 155.48
A49: Часовня | B49: Выравнивание швов стен | C49: Выравнивание швов стен | D49: м.п. | E49: =1.62*2+2.2+2.57*2+2.6*2+0.2+2.45 -> 18.43 | F49: 1 | G49: ='Dups+ B&B Rates'!$I$28 -> 3 | H49: =G49*F49*E49 -> 55.29 | J49: ед.изм.: в строке «м.п.», в расценке «м2» | K49: =G49 -> 3 | L49: =K49*F49*E49 -> 55.29
A50: Часовня | B50: Грунтование стен | C50: Грунтование стен в 1 слой | D50: м2 | E50: =1.6*0.65+0.62*0.65/2+0.47*(2.1+0.3+2.23)+0.3*(1.3+0.3+2.23)+0.65*1.62+0.65*0.62/2+0.2+2.23*1.5+0.2*2.23+E42+0.45*1.5+0.34*0.5/2+0.38*2+0.38*2.6+0.68*1.32+2*1.5*2+(1.3*1.3/2)*2+0.63*1.3*2+2.67*0.7/2 -> 27.6436 | F50: 1 | G50: ='Dups+ B&B Rates'!$I$3 -> 0.5 | H50: =G50*F50*E50 -> 13.8218 | K50: =Рынок!$D$3 -> 0.66529173 | L50: =K50*F50*E50 -> 18.391058
A51: Часовня | B51: Грунтование потолка | C51: Грунтование потолков в 1 слой | D51: м2 | E51: =E41 -> 16.0625 | F51: 1 | G51: ='Dups+ B&B Rates'!$I$3 -> 0.5 | H51: =G51*F51*E51 -> 8.03125 | K51: =Рынок!$D$3 -> 0.66529173 | L51: =K51*F51*E51 -> 10.686248
A52: Часовня | B52: Покраска стен | C52: Покраска стен | D52: м2 | E52: =E50 -> 27.6436 | F52: 2 | G52: ='Dups+ B&B Rates'!$I$18 -> 1 | H52: =G52*F52*E52 -> 55.2872 | K52: =G52 -> 1 | L52: =K52*F52*E52 -> 55.2872
A53: Часовня | B53: Покраска потолка | C53: Покраска потолка | D53: м2 | E53: =E51 -> 16.0625 | F53: 2 | G53: ='Dups+ B&B Rates'!$I$17 -> 1.5 | H53: =G53*F53*E53 -> 48.1875 | K53: =G53 -> 1.5 | L53: =K53*F53*E53 -> 48.1875
A54: Балка часовня | B54: Формирование балки из ГКЛ (на клей) | C54: Формирование балки из ГКЛ | D54: м2 | E54: =0.46*2.05+0.28*1.22+0.38*2.46+0.28*2.01 -> 2.7822 | F54: 1 | G54: ='Dups+ B&B Rates'!$I$26 -> 6.5 | H54: =G54*F54*E54 -> 18.0843 | J54: ед.изм.: в строке «м2», в расценке «м.п.» | K54: =Рынок!$D$7 -> 8.3161466 | L54: =K54*F54*E54 -> 23.137183
A55: Балка часовня | B55: Формирование внешних углов | C55: Формирование внешних углов | D55: м.п. | E55: 3.37 | F55: 1 | G55: ='Dups+ B&B Rates'!$I$22 -> 2.5 | H55: =G55*F55*E55 -> 8.425 | K55: =G55 -> 2.5 | L55: =K55*F55*E55 -> 8.425
A56: Часовня | B56: Устройство мини-дверного проёма в стене | C56: Усиление дверного проёма деревянным брусом | D56: шт | E56: 1 | F56: 1 | G56: ='Dups+ B&B Rates'!$I$21 -> 15 | H56: =G56*F56*E56 -> 15 | K56: =G56 -> 15 | L56: =K56*F56*E56 -> 15
A57: Фойе 2 эт | B57: Демонтаж и опрессовка радиатора | C57: Демонтаж и опрессовка радиатора | D57: шт | E57: 1 | F57: 1 | J57: нет расценки: Демонтаж и опрессовка радиатора
A58: Фойе 2 эт | B58: Прокладка кабеля под розетку и под свет на чердак | D58: м.п. | E58: 10 | F58: 1 | J58: разовая работа — считаем позже
A59: Фойе 2 эт | B59: Прокладка кабеля под розетку для мастер-спальни | D59: м.п. | E59: 5 | F59: 1 | J59: разовая работа — считаем позже
A60: Фойе 2 эт | B60: Проклеивание швов ГКЛ армлентой | C60: Проклейка армирующей ленты на стыки ГКЛ (стен и потолка) | D60: м.п. | E60: =2.35*2+1.22+2.7*2 -> 11.32 | F60: 1 | G60: ='Dups+ B&B Rates'!$I$19 -> 2 | H60: =G60*F60*E60 -> 22.64 | K60: =G60 -> 2 | L60: =K60*F60*E60 -> 22.64
A61: Фойе 2 эт | B61: Выравнивание швов потолка | C61: Выравнивание швов | D61: м.п. | E61: =2.35*2+1.22 -> 5.92 | F61: 1 | G61: ='Dups+ B&B Rates'!$I$28 -> 3 | H61: =G61*F61*E61 -> 17.76 | J61: ед.изм.: в строке «м.п.», в расценке «м2» | K61: =G61 -> 3 | L61: =K61*F61*E61 -> 17.76
A62: Фойе 2 эт | B62: Выравнивание швов стен | C62: Выравнивание швов | D62: м.п. | E62: =1.1+2.3+2.7+0.62 -> 6.72 | F62: 1 | G62: ='Dups+ B&B Rates'!$I$28 -> 3 | H62: =G62*F62*E62 -> 20.16 | J62: ед.изм.: в строке «м.п.», в расценке «м2» | K62: =G62 -> 3 | L62: =K62*F62*E62 -> 20.16
A63: Фойе 2 эт | B63: Внешние углы | C63: Формирование внешних углов | D63: м.п. | E63: =2.23+0.3+0.87+2.05*2+1.48+0.53+0.88+2.7 -> 13.09 | F63: 1 | G63: ='Dups+ B&B Rates'!$I$22 -> 2.5 | H63: =G63*F63*E63 -> 32.725 | K63: =G63 -> 2.5 | L63: =K63*F63*E63 -> 32.725
A64: Фойе 2 эт | B64: Демонтаж ступеней лестницы на чердак | D64: шт | E64: 1 | F64: 1 | J64: разовая работа — считаем позже
A65: Фойе 2 эт | B65: Устройство каркаса под лестницей на чердак | C65: Устройство каркаса и монтаж ГКЛ с виброизол. лентой без утепл. | D65: м2 | E65: =1.1*1.04/2+0.62*0.93/2 -> 0.8603 | F65: 1 | G65: ='Dups+ B&B Rates'!$I$8 -> 8 | H65: =G65*F65*E65 -> 6.8824 | K65: =Рынок!$D$8 -> 10.644668 | L65: =K65*F65*E65 -> 9.1576076
A66: Фойе 2 эт | B66: Устройство мини-дверного проёма под лестницей | C66: Усиление дверного проёма деревянным брусом | D66: м2 | E66: 1 | F66: 1 | G66: ='Dups+ B&B Rates'!$I$21 -> 15 | H66: =G66*F66*E66 -> 15 | J66: ед.изм.: в строке «м2», в расценке «шт.» | K66: =G66 -> 15 | L66: =K66*F66*E66 -> 15
A67: Фойе 2 эт | B67: Монтаж вентиляционного канала | C67: Монтаж вентканала | D67: м.п. | E67: 6 | F67: 1 | J67: нет расценки: Монтаж вентканала
A68: Фойе 2 эт | B68: Формирование каркаса на потолке + ГКЛ | C68: Устройство каркаса и монтаж ГКЛ с виброизол. лентой + утеплитель | D68: м2 | E68: =3.63*2.33-1.12*0.65+1.2*1.1 -> 9.0499 | F68: 1 | G68: ='Dups+ B&B Rates'!$I$9 -> 9 | H68: =G68*F68*E68 -> 81.4491 | K68: =Рынок!$D$9 -> 10.644668 | L68: =K68*F68*E68 -> 96.333178
A69: Фойе 2 эт | B69: Moнтаж ГКЛ наклей стены прачечной | C69: Монтаж ГКЛ на клей | D69: м2 | E69: =1.1*2.75 -> 3.025 | F69: 1 | G69: ='Dups+ B&B Rates'!$I$7 -> 4 | H69: =G69*F69*E69 -> 12.1 | K69: =G69 -> 4 | L69: =K69*F69*E69 -> 12.1
A70: Фойе 2 эт | B70: Грунтование стен | C70: Грунтование стен в 1 слой | D70: м2 | E70: =E72 -> 17.5624 | F70: 1 | G70: ='Dups+ B&B Rates'!$I$3 -> 0.5 | H70: =G70*F70*E70 -> 8.7812 | K70: =Рынок!$D$3 -> 0.66529173 | L70: =K70*F70*E70 -> 11.684119
A71: Фойе 2 эт | B71: Грунтование потолка | C71: Грунтование потолков в 1 слой | D71: м2 | E71: =E68 -> 9.0499 | F71: 1 | G71: ='Dups+ B&B Rates'!$I$3 -> 0.5 | H71: =G71*F71*E71 -> 4.52495 | K71: =Рынок!$D$3 -> 0.66529173 | L71: =K71*F71*E71 -> 6.0208236
A72: Фойе 2 эт | B72: Покраска стен | C72: Покраска стен | D72: м2 | E72: =(1.18+1.1+1.27+1.34+0.15)*2.7+2.15*2.7/2+(0.67*1.57) -> 17.5624 | F72: 2 | G72: ='Dups+ B&B Rates'!$I$18 -> 1 | H72: =G72*F72*E72 -> 35.1248 | K72: =G72 -> 1 | L72: =K72*F72*E72 -> 35.1248
A73: Фойе 2 эт | B73: Покраска потолка | C73: Покраска потолка | D73: м2 | E73: =E68 -> 9.0499 | F73: 2 | G73: ='Dups+ B&B Rates'!$I$17 -> 1.5 | H73: =G73*F73*E73 -> 27.1497 | K73: =G73 -> 1.5 | L73: =K73*F73*E73 -> 27.1497
A74: Прачечная 2 эт | B74: Устройство каркаса под лестницей на чердак | C74: Устройство каркаса и монтаж ГКЛ с виброизол. лентой без утепл. | D74: м2 | E74: =0.9*2.7 -> 2.43 | F74: 1 | G74: ='Dups+ B&B Rates'!$I$8 -> 8 | H74: =G74*F74*E74 -> 19.44 | K74: =Рынок!$D$8 -> 10.644668 | L74: =K74*F74*E74 -> 25.866542
A75: Прачечная 2 эт | B75: Наращивание стены прачечной (кладка) | C75: Кладка керамзито-бетонных блоков | D75: м2 | E75: =0.2*2.7 -> 0.54 | F75: 1 | G75: ='Dups+ B&B Rates'!$I$34 -> 15 | H75: =G75*F75*E75 -> 8.1 | K75: =G75 -> 15 | L75: =K75*F75*E75 -> 8.1
A76: Прачечная 2 эт | B76: Устройство каркаса для дверного проёма прачечной + ГКЛ | C76: Устройство двухсторонней перегородок из дерева + ГКЛ | D76: м2 | E76: =1.35*2.7+1.48*0.68 -> 4.6514 | F76: 1 | G76: ='Dups+ B&B Rates'!$I$23 -> 15 | H76: =G76*F76*E76 -> 69.771 | K76: =G76 -> 15 | L76: =K76*F76*E76 -> 69.771
A77: Прачечная 2 эт | B77: Установка ГКЛ на стены коридора и лестничн. перегородки | C77: Устройство каркаса и монтаж ГКЛ с виброизол. лентой без утепл. | D77: м2 | E77: =E76/2 -> 2.3257 | F77: 1 | G77: ='Dups+ B&B Rates'!$I$8 -> 8 | H77: =G77*F77*E77 -> 18.6056 | K77: =Рынок!$D$8 -> 10.644668 | L77: =K77*F77*E77 -> 24.756304
A78: Прачечная 2 эт | B78: Установка ГКЛ на стену со стороны лестницы | C78: Устройство каркаса и монтаж ГКЛ с виброизол. лентой без утепл. | D78: м2 | E78: =1.25*0.86/2 -> 0.5375 | F78: 1 | G78: ='Dups+ B&B Rates'!$I$8 -> 8 | H78: =G78*F78*E78 -> 4.3 | K78: =Рынок!$D$8 -> 10.644668 | L78: =K78*F78*E78 -> 5.7215089
A79: Прачечная 2 эт | B79: Формирование каркаса на потолке + ГКЛ | C79: Устройство каркаса и монтаж ГКЛ с виброизол. лентой + утеплитель | D79: м2 | E79: =0.8*1.49 -> 1.192 | F79: 1 | G79: ='Dups+ B&B Rates'!$I$9 -> 9 | H79: =G79*F79*E79 -> 10.728 | K79: =Рынок!$D$9 -> 10.644668 | L79: =K79*F79*E79 -> 12.688444
A80: Прачечная 2 эт | B80: Штукатурка стены с эл. счётчиком | C80: Штукатурка стен | D80: м2 | E80: =0.9*2.7 -> 2.43 | F80: 1 | J80: нет расценки: Штукатурка стен
A81: Прачечная 2 эт | B81: Внутренние углы | C81: Выравнивание швов | D81: м.п. | E81: =0.8*2+1.5*2+2.67*2+0.65*2 -> 11.24 | F81: 1 | G81: ='Dups+ B&B Rates'!$I$28 -> 3 | H81: =G81*F81*E81 -> 33.72 | J81: ед.изм.: в строке «м.п.», в расценке «м2» | K81: =G81 -> 3 | L81: =K81*F81*E81 -> 33.72
A82: Прачечная 2 эт | B82: Внешние углы | C82: Формирование внешних углов | D82: м.п. | E82: 1.49 | F82: 1 | G82: ='Dups+ B&B Rates'!$I$22 -> 2.5 | H82: =G82*F82*E82 -> 3.725 | K82: =G82 -> 2.5 | L82: =K82*F82*E82 -> 3.725
A83: Прачечная 2 эт | B83: Шпатлевание стены с эл. счётчиком | C83: Шпатлевание стен | D83: м2 | E83: =0.9*2.7 -> 2.43 | F83: 1 | G83: ='Dups+ B&B Rates'!$I$28 -> 3 | H83: =G83*F83*E83 -> 7.29 | K83: =G83 -> 3 | L83: =K83*F83*E83 -> 7.29
A84: Прачечная 2 эт | B84: Проклеивание швов ГКЛ армлентой | C84: Проклейка армирующей ленты на стыки ГКЛ (стен и потолка) | D84: м.п. | E84: =2.68*3+0.65*3+0.8*3+1.49*2 -> 15.37 | F84: 1 | G84: ='Dups+ B&B Rates'!$I$19 -> 2 | H84: =G84*F84*E84 -> 30.74 | K84: =G84 -> 2 | L84: =K84*F84*E84 -> 30.74
A85: Прачечная 2 эт | B85: Выравнивание швов потолка | C85: Выравнивание швов потолка | D85: м.п. | E85: =E84-E86 -> 5.38 | F85: 1 | G85: ='Dups+ B&B Rates'!$I$27 -> 4 | H85: =G85*F85*E85 -> 21.52 | J85: ед.изм.: в строке «м.п.», в расценке «м2» | K85: =G85 -> 4 | L85: =K85*F85*E85 -> 21.52
A86: Прачечная 2 эт | B86: Выравнивание швов стен | C86: Выравнивание швов стен | D86: м.п. | E86: =2.68*3+0.65*3 -> 9.99 | F86: 1 | G86: ='Dups+ B&B Rates'!$I$28 -> 3 | H86: =G86*F86*E86 -> 29.97 | J86: ед.изм.: в строке «м.п.», в расценке «м2» | K86: =G86 -> 3 | L86: =K86*F86*E86 -> 29.97
A87: Прачечная 2 эт | B87: Прокладка кабеля под розетку и под свет и выключатель | D87: м.п. | E87: =2.5+1.5+2 -> 6 | F87: 1 | J87: разовая работа — считаем позже
A88: Прачечная 2 эт | B88: Грунтование стен | C88: Грунтование стен в 1 слой | D88: м2 | E88: =E91 -> 9.6882 | F88: 1 | G88: ='Dups+ B&B Rates'!$I$3 -> 0.5 | H88: =G88*F88*E88 -> 4.8441 | K88: =Рынок!$D$3 -> 0.66529173 | L88: =K88*F88*E88 -> 6.4454793
A89: Прачечная 2 эт | B89: Грунтование потолка | C89: Грунтование потолков в 1 слой | D89: м2 | E89: =E93 -> 1.305 | F89: 1 | G89: ='Dups+ B&B Rates'!$I$3 -> 0.5 | H89: =G89*F89*E89 -> 0.6525 | K89: =Рынок!$D$3 -> 0.66529173 | L89: =K89*F89*E89 -> 0.86820571
A90: Прачечная 2 эт | B90: Грунтовка стен | C90: Грунтование стен в 1 слой | D90: м2 | E90: =(0.67*1.5)+(0.87*2.68)*2+(1.5*2.68) -> 9.6882 | F90: 1 | G90: ='Dups+ B&B Rates'!$I$3 -> 0.5 | H90: =G90*F90*E90 -> 4.8441 | K90: =Рынок!$D$3 -> 0.66529173 | L90: =K90*F90*E90 -> 6.4454793
A91: Прачечная 2 эт | B91: Покраска стен | C91: Покраска стен | D91: м2 | E91: =(0.67*1.5)+(0.87*2.68)*2+(1.5*2.68) -> 9.6882 | F91: 2 | G91: ='Dups+ B&B Rates'!$I$18 -> 1 | H91: =G91*F91*E91 -> 19.3764 | K91: =G91 -> 1 | L91: =K91*F91*E91 -> 19.3764
A92: Прачечная 2 эт | B92: Заделка отверстий под освещение | C92: Заделка отверстий под освещение | D92: шт. | E92: 2 | F92: 1 | J92: нет расценки: Заделка отверстий под освещение
A93: Прачечная 2 эт | B93: Покраска потолка | C93: Покраска потолка | D93: м2 | E93: =1.5*0.87 -> 1.305 | F93: 2 | G93: ='Dups+ B&B Rates'!$I$17 -> 1.5 | H93: =G93*F93*E93 -> 3.915 | K93: =G93 -> 1.5 | L93: =K93*F93*E93 -> 3.915
A94: Прачечная 2 эт | B94: Устройство канализ. слива для стиральной машины | D94: шт | E94: 1 | F94: 1 | J94: разовая работа — считаем позже
A95: Коридор 2 эт - ванная | B95: Увеличение стены Сереж. комн. на дерев. каркас | C95: Устройство двухсторонней перегородок из дерева + ГКЛ | D95: м2 | E95: =2.06*0.2 -> 0.412 | F95: 1 | G95: ='Dups+ B&B Rates'!$I$23 -> 15 | H95: =G95*F95*E95 -> 6.18 | K95: =G95 -> 15 | L95: =K95*F95*E95 -> 6.18
A96: Коридор 2 эт - ванная | B96: Устройство дверных проёмов деревом в спальнях | C96: Усиление дверного проёма деревянным брусом | D96: м.п. | E96: 4 | F96: 1 | G96: ='Dups+ B&B Rates'!$I$21 -> 15 | H96: =G96*F96*E96 -> 60 | J96: ед.изм.: в строке «м.п.», в расценке «шт.» | K96: =G96 -> 15 | L96: =K96*F96*E96 -> 60
A97: Коридор 2 эт - ванная | B97: Монтаж ГКЛ на стены коридора перед ванной 2эт. | C97: Монтаж ГКЛ листов на клею | D97: м2 | E97: =(2.75*1.38-0.7*2.06)+(1.38*0.53+2.05*0.5)+1.1*0.5 -> 4.6594 | F97: 1 | G97: ='Dups+ B&B Rates'!$I$7 -> 4 | H97: =G97*F97*E97 -> 18.6376 | K97: =G97 -> 4 | L97: =K97*F97*E97 -> 18.6376
A98: Коридор 2 эт - ванная | B98: Устройство и монтаж потолка | C98: Монтаж ГКЛ на каркас с виброизол. лентой и с утеплителем | D98: м2 | E98: =1.38*1.1 -> 1.518 | F98: 1 | G98: ='Dups+ B&B Rates'!$I$9 -> 9 | H98: =G98*F98*E98 -> 13.662 | K98: =Рынок!$D$9 -> 10.644668 | L98: =K98*F98*E98 -> 16.158606
A99: Коридор 2 эт - ванная | B99: Проклеивание швов ГКЛ армлентой | C99: Проклейка армирующей ленты на стыки ГКЛ (стен и потолка) | D99: м.п. | E99: =1.38+1.1*2+0.63*3+2.7 -> 8.17 | F99: 1 | G99: ='Dups+ B&B Rates'!$I$19 -> 2 | H99: =G99*F99*E99 -> 16.34 | K99: =G99 -> 2 | L99: =K99*F99*E99 -> 16.34
A100: Коридор 2 эт - ванная | B100: Выравнивание швов потолка | C100: Выравнивание швов потолка | D100: м.п. | E100: =1.38*2+1.1 -> 3.86 | F100: 1 | G100: ='Dups+ B&B Rates'!$I$27 -> 4 | H100: =G100*F100*E100 -> 15.44 | J100: ед.изм.: в строке «м.п.», в расценке «м2» | K100: =G100 -> 4 | L100: =K100*F100*E100 -> 15.44
...

Sheet Dups+ B&B Rates
A1: Тип работы | B1: Тип работы обобщённый | D1: Цена, $ | G1: Тип работ | H1: Ед. изм. | I1: Цена, $
E2: Выравнивание нижнего потолка | F2: Шпатлевка потолка | G2: Герметизация швов и стыков акриловым герметиком | H2: м.п. | I2: 1.5
A3: балка из узкого коридора | B3: Формирование балки ГКЛ | C3: =VLOOKUP(B3,E$2:F$46,2,FALSE()) -> Устройство потолочны коробов для балок | D3: =VLOOKUP(C3,G$2:I$35,3,FALSE()) -> 6.5 | E3: Выравнивание светового проёма потолка | F3: Шпатлевка потолка | G3: Грунтование стен и потолков в 1 слой | H3: м2 | I3: 0.5
A4: Балка перед кухней | B4: Формирование балки ГКЛ | C4: =VLOOKUP(B4,E$2:F$46,2,FALSE()) -> Устройство потолочны коробов для балок | D4: =VLOOKUP(C4,G$2:I$35,3,FALSE()) -> 6.5 | E4: Выравнивание откосов в нишах | F4: Облицовка оконных откосов гипсокартоном | G4: Демонтаж/монтаж радиаторов отопления | H4: шт. | I4: 5
A5: Балка перед лестницей | B5: Формирование балки ГКЛ | C5: =VLOOKUP(B5,E$2:F$46,2,FALSE()) -> Устройство потолочны коробов для балок | D5: =VLOOKUP(C5,G$2:I$35,3,FALSE()) -> 6.5 | E5: Выравнивание проблемных швов | F5: Шпатлевка потолка | G5: Заделка штроб электрики | H5: м.п. | I5: 1
A6: Бетонирование. выхода на терассу | B6: Бетонирование участков пола | C6: =VLOOKUP(B6,E$2:F$46,2,FALSE()) -> Бетонирование участков пола | D6: =VLOOKUP(C6,G$2:I$35,3,FALSE()) -> 5 | E6: Выравнивание стены под покраску | F6: Шпатлевка стен | G6: Изготовление отверстия в ГКЛ для монтажа подрозетников | H6: шт. | I6: 0.5
A7: Внешние углы | B7: Формирование внешних углов | C7: =VLOOKUP(B7,E$2:F$46,2,FALSE()) -> Установка перфорированого угла | D7: =VLOOKUP(C7,G$2:I$35,3,FALSE()) -> 2.5 | E7: Выравнивание швов - на потолке | F7: Проклейка армирующей ленты на стыки ГКЛ и на примыкания стен и потолка | G7: Монтаж ГКЛ листов на клею | H7: м2 | I7: 4
A8: Внутренние углы | B8: Формирование внутренних углов | C8: =VLOOKUP(B8,E$2:F$46,2,FALSE()) -> Проклейка армирующей ленты на стыки ГКЛ и на примыкания стен и потолка | D8: =VLOOKUP(C8,G$2:I$35,3,FALSE()) -> 2 | E8: Выравнивание швов (rework and cover holstom) | F8: Шпатлевка стен | G8: Устройство каркаса и монтаж ГКЛ с виброизол. лентой без утепл. | H8: м2 | I8: 8
A9: Выравнивание нижнего потолка | B9: Шпатлевка потолка | C9: =VLOOKUP(B9,E$2:F$46,2,FALSE()) -> Шпатлевка потолка | D9: =VLOOKUP(C9,G$2:I$35,3,FALSE()) -> 4 | E9: Грунтовка потолка | F9: Грунтование стен и потолков в 1 слой | G9: Устройство каркаса и монтаж ГКЛ с виброизол. лентой + утеплитель | H9: м2 | I9: 9
A10: Выравнивание проблем. швов | B10: Выравнивание проблемных швов | C10: =VLOOKUP(B10,E$2:F$46,2,FALSE()) -> Шпатлевка потолка | D10: =VLOOKUP(C10,G$2:I$35,3,FALSE()) -> 4 | E10: Грунтовка стен | F10: Грунтование стен и потолков в 1 слой | G10: Монтаж канализации | H10: шт. | I10: 200
A11: Выравнивание светового проёма потолка | B11: Шпатлевка потолка | C11: =VLOOKUP(B11,E$2:F$46,2,FALSE()) -> Шпатлевка потолка | D11: =VLOOKUP(C11,G$2:I$35,3,FALSE()) -> 4 | E11: Монтаж ГКЛ на каркас с утеплителем | F11: Устройство каркаса и монтаж ГКЛ с виброизол. лентой + утеплитель | G11: Монтаж потолочного плинтуса из пенопласта | H11: м.п. | I11: 3
A12: Выравнивание стен узкий коридор | B12: Шпатлевка стен | C12: Шпатлевка стен | D12: =VLOOKUP(C12,G$2:I$35,3,FALSE()) -> 3 | E12: Монтаж ГКЛ на каркас - потолок | F12: Устройство каркаса и монтаж ГКЛ с виброизол. лентой без утепл. | G12: Облицовка оконных откосов гипсокартоном | H12: м.п. | I12: 10
A13: Выравнивание швов | B13: Выравнивание швов | C13: Шпатлевка стен | D13: =VLOOKUP(C13,G$2:I$35,3,FALSE()) -> 3 | E13: Монтаж ГКЛ на каркас + утеплитель (потолок) | F13: Устройство каркаса и монтаж ГКЛ с виброизол. лентой + утеплитель | G13: Опрессовка труб в ванной | H13: шт. | I13: 35
A14: Выравнивание швов (rework and cover holstom) | B14: Выравнивание швов (rework and cover holstom) | C14: Поклейка холста (стены) | D14: =VLOOKUP(C14,G$2:I$35,3,FALSE()) -> 2 | E14: Монтаж ГКЛ - стены | F14: Монтаж ГКЛ листов на клею | G14: Пайка ПП труб | H14: шт. | I14: 35
A15: Выравнивание швов потолка | B15: Выравнивание швов потолка | C15: Шпатлевка потолка | D15: =VLOOKUP(C15,G$2:I$35,3,FALSE()) -> 4 | E15: Монтаж канализации | F15: Монтаж канализации | G15: Поклейка холста (потолок) | H15: м2 | I15: 3
A16: Выравнивание швов стен | B16: Выравнивание швов стен | C16: Шпатлевка стен | D16: =VLOOKUP(C16,G$2:I$35,3,FALSE()) -> 3 | E16: Наклеивание холста на потолок | F16: Поклейка холста (потолок) | G16: Поклейка холста (стены) | H16: м2 | I16: 2
A17: Грунтование стен | B17: Грунтовка стен | C17: =VLOOKUP(B17,E$2:F$46,2,FALSE()) -> Грунтование стен и потолков в 1 слой | D17: =VLOOKUP(C17,G$2:I$35,3,FALSE()) -> 0.5 | E17: Опрессовка труб | F17: Опрессовка труб в ванной | G17: Покраска потолка 1 слой | H17: м2 | I17: 1.5
A18: Грунтовка внутреннего потолка | B18: Грунтовка потолка | C18: =VLOOKUP(B18,E$2:F$46,2,FALSE()) -> Грунтование стен и потолков в 1 слой | D18: =VLOOKUP(C18,G$2:I$35,3,FALSE()) -> 0.5 | E18: Переноска ГКЛ на вост. стену | G18: Покраска стен 1 слой | H18: м2 | I18: 1
A19: Грунтовка лестничной стены | B19: Грунтовка стен | C19: =VLOOKUP(B19,E$2:F$46,2,FALSE()) -> Грунтование стен и потолков в 1 слой | D19: =VLOOKUP(C19,G$2:I$35,3,FALSE()) -> 0.5 | E19: Переноска ГКЛ на зап. стену | G19: Проклейка армирующей ленты на стыки ГКЛ и на примыкания стен и потолка | H19: м.п. | I19: 2
A20: Грунтовка лестничных стен с краской | B20: Грунтовка стен | C20: =VLOOKUP(B20,E$2:F$46,2,FALSE()) -> Грунтование стен и потолков в 1 слой | D20: =VLOOKUP(C20,G$2:I$35,3,FALSE()) -> 0.5 | E20: Покраска потолка | F20: Покраска потолка 1 слой | G20: Укрывка окон | H20: шт. | I20: 3
A21: Грунтовка нижнего потолка | B21: Грунтовка потолка | C21: =VLOOKUP(B21,E$2:F$46,2,FALSE()) -> Грунтование стен и потолков в 1 слой | D21: =VLOOKUP(C21,G$2:I$35,3,FALSE()) -> 0.5 | E21: Покраска потолочного плинтуса из пенопласта | F21: Покраска потолка 1 слой | G21: Усиление дверного проёма деревянным брусом | H21: шт. | I21: 15
A22: Грунтовка стен | B22: Грунтовка стен | C22: =VLOOKUP(B22,E$2:F$46,2,FALSE()) -> Грунтование стен и потолков в 1 слой | D22: =VLOOKUP(C22,G$2:I$35,3,FALSE()) -> 0.5 | E22: Покраска стен | F22: Покраска стен 1 слой | G22: Установка перфорированого угла | H22: м.п. | I22: 2.5
A23: Грунтовка стен входа Нат. каб. и стол. шкафов | B23: Грунтовка стен | C23: =VLOOKUP(B23,E$2:F$46,2,FALSE()) -> Грунтование стен и потолков в 1 слой | D23: =VLOOKUP(C23,G$2:I$35,3,FALSE()) -> 0.5 | E23: Покраска стен 2й слой | F23: Покраска стен 1 слой | G23: Устройство двухсторонней перегородок из ГКЛ на металлокаркасе с шумоизоляцией | H23: м2 | I23: 15
A24: Грунтовка швов | B24: Грунтовка стен | C24: =VLOOKUP(B24,E$2:F$46,2,FALSE()) -> Грунтование стен и потолков в 1 слой | D24: =VLOOKUP(C24,G$2:I$35,3,FALSE()) -> 0.5 | E24: Ремонт оконных откосов | F24: Ремонт оконных откосов | G24: Устройство каскада прямолинейного сложного (2 и более уровней) из ГКЛ + вибролента | H24: м2 | I24: 11
A25: Закл. холстом внешней стены стол. шкафов | B25: Наклеивание холста на стену | C25: =VLOOKUP(B25,E$2:F$46,2,FALSE()) -> Поклейка холста (стены) | D25: =VLOOKUP(C25,G$2:I$35,3,FALSE()) -> 2 | E25: Сверление отверстий под свет + А/С | F25: Сверление тех. отверстий в потолке | G25: Устройство подвесного потолка из гипсокартона в одном уровне 1 слой | H25: м2 | I25: 7
A26: Закл. холстом отрезка стены с тупым углом | B26: Наклеивание холста на стену | C26: =VLOOKUP(B26,E$2:F$46,2,FALSE()) -> Поклейка холста (стены) | D26: =VLOOKUP(C26,G$2:I$35,3,FALSE()) -> 2 | E26: Сверление тех. отверстий в потолке | F26: Сверление тех. отверстий в потолке | G26: Устройство потолочны коробов для балок | H26: м.п. | I26: 6.5
A27: Закл. холстом стены корид. вход Н. кабинет | B27: Наклеивание холста на стену | C27: =VLOOKUP(B27,E$2:F$46,2,FALSE()) -> Поклейка холста (стены) | D27: =VLOOKUP(C27,G$2:I$35,3,FALSE()) -> 2 | E27: Спайка труб | F27: Пайка ПП труб | G27: Шпатлевка потолка | H27: м2 | I27: 4
A28: Заклеивание большой стены холстом | B28: Наклеивание холста на стену | C28: =VLOOKUP(B28,E$2:F$46,2,FALSE()) -> Поклейка холста (стены) | D28: =VLOOKUP(C28,G$2:I$35,3,FALSE()) -> 2 | E28: Установка опуска дверных проёмов | F28: Усиление дверного проёма деревянным брусом | G28: Шпатлевка стен | H28: м2 | I28: 3
A29: Заклеивание стены перегородки холстом | B29: Наклеивание холста на стену | C29: =VLOOKUP(B29,E$2:F$46,2,FALSE()) -> Поклейка холста (стены) | D29: =VLOOKUP(C29,G$2:I$35,3,FALSE()) -> 2 | E29: Устройство оконного откоса | F29: Облицовка оконных откосов гипсокартоном | G29: Штукатурка прямолинейных откосов и проемов | H29: м.п. | I29: 6
A30: Заклейка холстом внутреннего потолка | B30: Наклеивание холста на потолок | C30: =VLOOKUP(B30,E$2:F$46,2,FALSE()) -> Поклейка холста (потолок) | D30: =VLOOKUP(C30,G$2:I$35,3,FALSE()) -> 3 | E30: Формирование балки ГКЛ | F30: Устройство потолочны коробов для балок | G30: Сверление тех. отверстий в потолке | H30: шт. | I30: 0.5
A31: Заклейка холстом нижнего потолка | B31: Наклеивание холста на потолок | C31: =VLOOKUP(B31,E$2:F$46,2,FALSE()) -> Поклейка холста (потолок) | D31: =VLOOKUP(C31,G$2:I$35,3,FALSE()) -> 3 | E31: Формирование внешних углов | F31: Установка перфорированого угла | G31: Ремонт оконных откосов | H31: шт. | I31: 15
A32: Монтаж потолочного плинтуса из пенопласта | B32: Монтаж потолочного плинтуса из пенопласта | C32: =VLOOKUP(B32, $E$2:$F$46, 2, FALSE()) -> Монтаж потолочного плинтуса из пенопласта | D32: =VLOOKUP(C32,G$2:I$35,3,FALSE()) -> 3 | E32: Формирование внутренних углов | F32: Проклейка армирующей ленты на стыки ГКЛ и на примыкания стен и потолка | G32: Выравнивание верха стены в зале (10 см) | H32: м.п. | I32: 5
A33: Монтаж внутреннего потолка (ГКЛ) | B33: Устройство каскада прямолинейного сложного (2 и более уровней) из ГКЛ + вибролента | C33: Устройство каскада прямолинейного сложного (2 и более уровней) из ГКЛ + вибролента | D33: =VLOOKUP(C33,G$2:I$35,3,FALSE()) -> 11 | E33: Шпатлевание большой стены с холстом | F33: Шпатлевка стен | G33: Бетонирование участков пола | H33: м2 | I33: 5
A34: Монтаж ГКЛ на балку | B34: Формирование балки ГКЛ | C34: =VLOOKUP(B34,E$2:F$46,2,FALSE()) -> Устройство потолочны коробов для балок | D34: =VLOOKUP(C34,G$2:I$35,3,FALSE()) -> 6.5 | E34: Шпатлевание гаражного дверного проёма | F34: Штукатурка прямолинейных откосов и проемов | G34: Кладка перегородки из пеноблока | H34: м2 | I34: 15
A35: Монтаж ГКЛ на стены | B35: Монтаж ГКЛ - стены | C35: =VLOOKUP(B35,E$2:F$46,2,FALSE()) -> Монтаж ГКЛ листов на клею | D35: =VLOOKUP(C35,G$2:I$35,3,FALSE()) -> 4 | E35: Шпатлевание главного дверного проёма | F35: Штукатурка прямолинейных откосов и проемов | H35: Грунтовка
A36: Монтаж и окраска ГКЛ на проём камина | B36: Монтаж ГКЛ | C36: =F13 -> Устройство каркаса и монтаж ГКЛ с виброизол. лентой + утеплитель | D36: =VLOOKUP(C36,G$2:I$35,3,FALSE()) -> 9 | E36: Шпатлевание добавл. отрезка ГКЛ | F36: Шпатлевка стен | H36: за кв.м.
A37: Монтаж канализации ванная 1эт. + стояк | B37: Монтаж канализации | C37: =VLOOKUP(B37,E$2:F$46,2,FALSE()) -> Монтаж канализации | D37: =VLOOKUP(C37,G$2:I$35,3,FALSE()) -> 200 | E37: Шпатлевание стен | F37: Шпатлевка стен | H37: Итого метраж
A38: Монтаж лестничной стены | B38: Монтаж ГКЛ - стены | C38: =VLOOKUP(B38,E$2:F$46,2,FALSE()) -> Монтаж ГКЛ листов на клею | D38: =VLOOKUP(C38,G$2:I$35,3,FALSE()) -> 4 | E38: Шпатлевка потолка | F38: Шпатлевка потолка | H38: Канализация
A39: Монтаж нижнего потолка (ГКЛ) | B39: Устройство каскада прямолинейного сложного (2 и более уровней) из ГКЛ + вибролента | C39: Устройство каскада прямолинейного сложного (2 и более уровней) из ГКЛ + вибролента | D39: =VLOOKUP(C39,G$2:I$35,3,FALSE()) -> 11 | E39: Монтаж потолочного плинтуса из пенопласта | F39: Монтаж потолочного плинтуса из пенопласта | H39: Отдел. работы
A40: Монтаж потолка ГКЛ | B40: Монтаж ГКЛ - потолок | C40: =F12 -> Устройство каркаса и монтаж ГКЛ с виброизол. лентой без утепл. | D40: =VLOOKUP(C40,G$2:I$35,3,FALSE()) -> 8 | E40: Наклеивание холста на стену | F40: Поклейка холста (стены) | H40: площадь
A41: Монтаж потолка ГКЛ с утеплителем | B41: Монтаж ГКЛ - потолок (добавить Монтаж утеплителя) | C41: =F13 -> Устройство каркаса и монтаж ГКЛ с виброизол. лентой + утеплитель | D41: =VLOOKUP(C41,G$2:I$35,3,FALSE()) -> 9 | E41: Выравнивание верха стены в зале (10 см) | F41: Выравнивание верха стены в зале (10 см) | H41: Покраска
A42: Монтаж холста на добавленный отрезок ГКЛ | B42: Наклеивание холста на стену | C42: =VLOOKUP(B42,E$2:F$46,2,FALSE()) -> Поклейка холста (стены) | D42: =VLOOKUP(C42,G$2:I$35,3,FALSE()) -> 2 | E42: Монтаж внутреннего потолка (ГКЛ) | F42: Устройство каскада прямолинейного сложного (2 и более уровней) из ГКЛ + вибролента | H42: Шпатлёвка
A43: Наращивание стены входа в ванную (ГКЛ) | B43: Монтаж ГКЛ - стены | C43: =VLOOKUP(B43,E$2:F$46,2,FALSE()) -> Монтаж ГКЛ листов на клею | D43: =VLOOKUP(C43,G$2:I$35,3,FALSE()) -> 4 | E43: Монтаж нижнего потолка (ГКЛ) | F43: Устройство каскада прямолинейного сложного (2 и более уровней) из ГКЛ + вибролента
A44: Наращивание стены входа в ванную (кладка) | B44: Кладка перегородки из пеноблока | C44: =VLOOKUP(B44,E$2:F$46,2,FALSE()) -> Кладка перегородки из пеноблока | D44: =VLOOKUP(C44,G$2:I$35,3,FALSE()) -> 15 | E44: Штукатурка балки - Часовня | F44: Штукатурка прямолинейных откосов и проемов
A45: Наращивание стены входа в ванную (шпатлевание) | B45: Выравнивание швов | C45: Шпатлевка стен | D45: =VLOOKUP(C45,G$2:I$35,3,FALSE()) -> 3 | E45: Бетонирование участков пола | F45: Бетонирование участков пола
A46: ниши | B46: Выравнивание откосов в нишах | C46: =VLOOKUP(B46,E$2:F$46,2,FALSE()) -> Облицовка оконных откосов гипсокартоном | D46: =VLOOKUP(C46,G$2:I$35,3,FALSE()) -> 10 | E46: Кладка перегородки из пеноблока | F46: Кладка перегородки из пеноблока
A47: Оконный проём | B47: Ремонт оконных откосов | C47: =VLOOKUP(B47,E$2:F$46,2,FALSE()) -> Ремонт оконных откосов | D47: =VLOOKUP(C47,G$2:I$35,3,FALSE()) -> 15 | E47: Проклейка армирующей ленты на стыки ГКЛ (стен и потолка) | F47: =G19 -> Проклейка армирующей ленты на стыки ГКЛ и на примыкания стен и потолка
A48: Опрессовка труб в ванной 1 этажа | B48: Опрессовка труб | C48: =VLOOKUP(B48,E$2:F$46,2,FALSE()) -> Опрессовка труб в ванной | D48: =VLOOKUP(C48,G$2:I$35,3,FALSE()) -> 35
A49: откос окна | B49: Устройство оконного откоса | C49: =VLOOKUP(B49,E$2:F$46,2,FALSE()) -> Облицовка оконных откосов гипсокартоном | D49: =VLOOKUP(C49,G$2:I$35,3,FALSE()) -> 10
A50: откосы | B50: Устройство оконного откоса | C50: =VLOOKUP(B50,E$2:F$46,2,FALSE()) -> Облицовка оконных откосов гипсокартоном | D50: =VLOOKUP(C50,G$2:I$35,3,FALSE()) -> 10
A51: Переноска ГКЛ на вост. стену | B51: Переноска ГКЛ на вост. стену | C51: =VLOOKUP(B51,E$2:F$46,2,FALSE()) -> 0 | D51: =VLOOKUP(C51,G$2:I$35,3,FALSE()) -> #N/A
A52: Переноска ГКЛ на зап. стену | B52: Переноска ГКЛ на зап. стену | C52: =VLOOKUP(B52,E$2:F$46,2,FALSE()) -> 0 | D52: =VLOOKUP(C52,G$2:I$35,3,FALSE()) -> #N/A
A53: Покраска лестничной стены 1й слой | B53: Покраска стен | C53: =VLOOKUP(B53,E$2:F$46,2,FALSE()) -> Покраска стен 1 слой | D53: =VLOOKUP(C53,G$2:I$35,3,FALSE()) -> 1
A54: Покраска откосов | B54: Покраска потолка | C54: =VLOOKUP(B54,E$2:F$46,2,FALSE()) -> Покраска потолка 1 слой | D54: =VLOOKUP(C54,G$2:I$35,3,FALSE()) -> 1.5
A55: Покраска потолка | B55: Покраска потолка | C55: =VLOOKUP(B55,E$2:F$46,2,FALSE()) -> Покраска потолка 1 слой | D55: =VLOOKUP(C55,G$2:I$35,3,FALSE()) -> 1.5
A56: Покраска потолка коридора 2 этажа | B56: Покраска потолка | C56: =VLOOKUP(B56,E$2:F$46,2,FALSE()) -> Покраска потолка 1 слой | D56: =VLOOKUP(C56,G$2:I$35,3,FALSE()) -> 1.5
A57: Покраска потолка на входе | B57: Покраска потолка | C57: =VLOOKUP(B57,E$2:F$46,2,FALSE()) -> Покраска потолка 1 слой | D57: =VLOOKUP(C57,G$2:I$35,3,FALSE()) -> 1.5
A58: Покраска потолочного молдинга | B58: Покраска потолочного молдинга | C58: Покраска потолка 1 слой | D58: =VLOOKUP(C58,G$2:I$35,3,FALSE()) -> 1.5
A59: Покраска стен | B59: Покраска стен | C59: =VLOOKUP(B59,E$2:F$46,2,FALSE()) -> Покраска стен 1 слой | D59: =VLOOKUP(C59,G$2:I$35,3,FALSE()) -> 1
A60: Покраска стен - балка | B60: Покраска стен | C60: =VLOOKUP(B60,E$2:F$46,2,FALSE()) -> Покраска стен 1 слой | D60: =VLOOKUP(C60,G$2:I$35,3,FALSE()) -> 1
A61: Покраска стен (без 4м лестничной стены) | B61: Покраска стен | C61: =VLOOKUP(B61,E$2:F$46,2,FALSE()) -> Покраска стен 1 слой | D61: =VLOOKUP(C61,G$2:I$35,3,FALSE()) -> 1
A62: Покраска стен 1й слой | B62: Покраска стен | C62: =VLOOKUP(B62,E$2:F$46,2,FALSE()) -> Покраска стен 1 слой | D62: =VLOOKUP(C62,G$2:I$35,3,FALSE()) -> 1
A63: Покраска стен 2й слой | B63: Покраска стен 2й слой | C63: =VLOOKUP(B63,E$2:F$46,2,FALSE()) -> Покраска стен 1 слой | D63: =VLOOKUP(C63,G$2:I$35,3,FALSE()) -> 1
A64: Покраска стен на входе | B64: Покраска стен | C64: =VLOOKUP(B64,E$2:F$46,2,FALSE()) -> Покраска стен 1 слой | D64: =VLOOKUP(C64,G$2:I$35,3,FALSE()) -> 1
A65: Постройка стены с утеплителем | B65: Покраска стен | C65: =VLOOKUP(B65,E$2:F$46,2,FALSE()) -> Покраска стен 1 слой | D65: =VLOOKUP(C65,G$2:I$35,3,FALSE()) -> 1
A66: Ремонт откосов | B66: Ремонт оконных откосов | C66: =VLOOKUP(B66,E$2:F$46,2,FALSE()) -> Ремонт оконных откосов | D66: =VLOOKUP(C66,G$2:I$35,3,FALSE()) -> 15
A67: Ремонт откосов 1 этажа: зал+столовая | B67: Ремонт оконных откосов | C67: =VLOOKUP(B67,E$2:F$46,2,FALSE()) -> Ремонт оконных откосов | D67: =VLOOKUP(C67,G$2:I$35,3,FALSE()) -> 15
A68: Сварка труб в Мастер ванной | B68: Спайка труб | C68: =VLOOKUP(B68,E$2:F$46,2,FALSE()) -> Пайка ПП труб | D68: =VLOOKUP(C68,G$2:I$35,3,FALSE()) -> 35
A69: Сверление отверстий под свет и А/С + Анин гард. | B69: Сверление отверстий под свет + А/С | C69: =VLOOKUP(B69,E$2:F$46,2,FALSE()) -> Сверление тех. отверстий в потолке | D69: =VLOOKUP(C69,G$2:I$35,3,FALSE()) -> 0.5
A70: Сверление тех. отверстий в потолке | B70: Сверление тех. отверстий в потолке | C70: =VLOOKUP(B70,E$2:F$46,2,FALSE()) -> Сверление тех. отверстий в потолке | D70: =VLOOKUP(C70,G$2:I$35,3,FALSE()) -> 0.5
... A89: Шпатлевка нижнего потолка | B89: Шпатлевка потолка | C89: =VLOOKUP(B89,E$2:F$46,2,FALSE()) -> Шпатлевка потолка | D89: =VLOOKUP(C89,G$2:I$35,3,FALSE()) -> 4
A90: Штукатурка балки - Часовня | B90: Штукатурка прямолинейных откосов и проемов | C90: Штукатурка прямолинейных откосов и проемов | D90: =VLOOKUP(C90,G$2:I$35,3,FALSE()) -> 6
A91: Монтаж ГКЛ на метал для колонны под балкой Фойе | B91: Устройство двухсторонней перегородок из ГКЛ на металлокаркасе с шумоизоляцией | C91: Устройство двухсторонней перегородок из ГКЛ на металлокаркасе с шумоизоляцией | D91: =VLOOKUP(C91,G$2:I$35,3,FALSE()) -> 15
A92: Проклеивание швов ГКЛ армлентой | B92: Проклейка армирующей ленты на стыки ГКЛ (стен и потолка) | C92: =VLOOKUP(B92,E$2:F$48,2,FALSE()) -> Проклейка армирующей ленты на стыки ГКЛ и на примыкания стен и потолка | D92: =VLOOKUP(C92,G$2:I$35,3,FALSE()) -> 2

Sheet Платежи
A1: Date | B1: Amt BYN | C1: Amt USD | D1: for BYN to USD Conversion, use https://myfin.by/currency/usd | E1: Курс НБРБ (BYN за 1 USD) | F1: Источник: api.nbrb.by, официальный курс на дату платежа (из сводки HTML)
A2: 45587 | B2: 3000 | C2: =ROUND(B2/E2,2) -> 912.1 | E2: 3.2891
A3: 45597 | B3: 3000 | C3: =ROUND(B3/E3,2) -> 904.65 | E3: 3.3162
A4: 45618 | B4: 1000 | C4: =ROUND(B4/E4,2) -> 292.83 | E4: 3.415
A5: 45636 | B5: 2100 | C5: =ROUND(B5/E5,2) -> 621.76 | E5: 3.3775
A6: 45646 | B6: 3000 | C6: =ROUND(B6/E6,2) -> 864.06 | E6: 3.472
A7: 45654 | B7: 1500 | C7: =ROUND(B7/E7,2) -> 440.27 | E7: 3.407
A8: 45667 | B8: 3150 | C8: =ROUND(B8/E8,2) -> 904.68 | E8: 3.4819
A9: 45691 | B9: 1500 | C9: =ROUND(B9/E9,2) -> 441.14 | E9: 3.4003
A10: 45698 | B10: 4200 | C10: =ROUND(B10/E10,2) -> 1238.97 | E10: 3.3899
A11: 45715 | B11: 3000 | C11: =ROUND(B11/E11,2) -> 954.5 | E11: 3.143
A12: 45725 | B12: 3000 | C12: =ROUND(B12/E12,2) -> 927.5 | E12: 3.2345
A13: 45751 | B13: 300 | C13: =ROUND(B13/E13,2) -> 95.97 | E13: 3.1261
... A16: 45773 | B16: 900 | C16: =ROUND(B16/E16,2) -> 294.57 | E16: 3.0553
B17: =SUM(B2:B16) -> 37750 | C17: =SUM(C2:C16) -> 11465.88

Sheet Рынок
A1: Курс НБРБ, BYN за 1 USD (10.05.2025) | B1: 3.0062
A2: Тип работ (наш прайс) | B2: Ед. | C2: Наш прайс, $ | D2: Рыночная цена, $ (среднее по сайтам) | E2: Сайты и цены, BYN | F2: Сопоставление (наименование на сайте) | G2: Manhattan L1 | H2: Сходство | I2: Уверенность
A3: Грунтование стен и потолков в 1 слой | B3: м2 | C3: 0.5 | D3: =(2)/1/$B$1 -> 0.66529173 | E3: luxstroy.by: 2 | F3: грунтовка стен 1 слой | G3: 1 | H3: 0.86 | I3: Высокая
A4: Демонтаж/монтаж радиаторов отопления | B4: шт. | C4: 5 | D4: =(40)/1/$B$1 -> 13.305835 | E4: remontnik-minsk.by: 40 | F4: Демонтаж радиатора отопления (с сохранением) | G4: 2 | H4: 0.75 | I4: Высокая
A5: Монтаж потолочного плинтуса из пенопласта | B5: м.п. | C5: 3 | D5: =(10)/1/$B$1 -> 3.3264587 | E5: luxstroy.by: 10 | F5: монтаж плинтуса потолочного шириной до 5 см | G5: 3 | H5: 0.67 | I5: Высокая
A6: Устройство подвесного потолка из гипсокартона в одном уровне 1 слой | B6: м2 | C6: 7 | D6: =(30)/1/$B$1 -> 9.979376 | E6: luxstroy.by: 30 | F6: Устройство потолка из гипсокартона | G6: 4 | H6: 0.60 | I6: Высокая
A7: Устройство потолочны коробов для балок | B7: м.п. | C7: 6.5 | D7: =(25)/1/$B$1 -> 8.3161466 | E7: luxstroy.by: 25 | F7: устройство скрытых подсветок, коробов из ГКЛ | G7: 5 | H7: 0.44 | I7: Проверить
A8: Устройство каркаса и монтаж ГКЛ с виброизол. лентой без утепл. | B8: м2 | C8: 8 | D8: =(32)/1/$B$1 -> 10.644668 | E8: luxstroy.by: 32 | F8: монтаж гипсокартона по металлическому каркасу в 1 слой | G8: 8 | H8: 0.33 | I8: Проверить
A9: Устройство каркаса и монтаж ГКЛ с виброизол. лентой + утеплитель | B9: м2 | C9: 9 | D9: =(32)/1/$B$1 -> 10.644668 | E9: luxstroy.by: 32 | F9: монтаж гипсокартона по металлическому каркасу в 1 слой | G9: 8 | H9: 0.33 | I9: Проверить
A10: Поклейка холста (потолок) | B10: м2 | C10: 3 | D10: =(12+14)/2/$B$1 -> 4.3243962 | E10: remontnik-minsk.by: 12; luxstroy.by: 14 | F10: Поклейка обоев; поклейка обоев | G10: 3; 3 | H10: 0.40; 0.40 | I10: Проверить; Проверить
A11: Поклейка холста (стены) | B11: м2 | C11: 2 | D11: =(12+14)/2/$B$1 -> 4.3243962 | E11: remontnik-minsk.by: 12; luxstroy.by: 14 | F11: Поклейка обоев; поклейка обоев | G11: 3; 3 | H11: 0.40; 0.40 | I11: Проверить; Проверить
A12: Изготовление отверстия в ГКЛ для монтажа подрозетников | B12: шт. | C12: 0.5 | D12: =(10)/1/$B$1 -> 3.3264587 | E12: luxstroy.by: 10 | F12: Штробление и монтаж подрозетника | G12: 4 | H12: 0.50 | I12: Проверить
A14: Курс и допущения: luxstroy.by — валюта на странице не указана, принято BYN; remontnik-minsk.by «руб.» принято как BYN; сайты дают цены «под ключ мастера», у нас ставки подрядчика.
